<?xml version="1.0" encoding="UTF-8" standalone="yes"?>
<facturas>
    <factura>
        <serialVersionUID>1</serialVersionUID>
        <empresa>sa</empresa>
        <direccionEmpresa>Inventada</direccionEmpresa>
        <cifEmpresa>30412A</cifEmpresa>
        <telefonoEmpresa>41234512</telefonoEmpresa>
        <emailEmpresa>@ALO</emailEmpresa>
        <cliente>
            <nombre>MARCO</nombre>
            <nif>POLO</nif>
        </cliente>
        <fechaHora>2025-04-29T16:10:32.2360324</fechaHora>
        <numeroFactura>1</numeroFactura>
        <lineas>
            <linea>
                <articulo>
                    <nombre>AGUA</nombre>
                    <precio>1.5</precio>
                    <iva>NORMAL</iva>
                </articulo>
                <cantidad>3</cantidad>
                <totalLinea>5.445</totalLinea>
            </linea>
            <linea>
                <articulo>
                    <nombre>PAN</nombre>
                    <precio>4.0</precio>
                    <iva>SUPER_REDUCIDO</iva>
                </articulo>
                <cantidad>5</cantidad>
                <totalLinea>20.8</totalLinea>
            </linea>
        </lineas>
        <totalFactura>26.245</totalFactura>
    </factura>
</facturas>
