<?xml version="1.0" encoding="UTF-8"?>
<facturas>
	<factura>
		<serialVersionUID>1</serialVersionUID>
		<empresa>2</empresa>
		<direccionEmpresa>3</direccionEmpresa>
		<cifEmpresa>4</cifEmpresa>
		<telefonoEmpresa>5</telefonoEmpresa>
		<emailEmpresa>6</emailEmpresa>
		<cliente>7</cliente>
		<nifCliente>43</nifCliente>
		<fechaHora>2025-04-06T18:52:38</fechaHora>
		<numeroFactura>1</numeroFactura>
		<lineas>
			<linea>
				<descripcion>1</descripcion>
				<cantidad>1</cantidad>
				<precioUnitario>1.0</precioUnitario>
				<total>1.1</total>
			</linea>
		</lineas>
		<totalFactura>1.1</totalFactura>
	</factura>
</facturas>
