<?xml version="1.0" encoding="UTF-8" standalone="yes"?>
<factura>
    <cliente>
        <id>A12345678</id>
        <nombre>Eduard Sebastian Gaici</nombre>
    </cliente>
    <empresa>
        <cif>A28017895</cif>
        <direccion>Calle Hermosilla 112, 28009 Madrid, España</direccion>
        <email>clientes@elcorteingles.es</email>
        <razonSocial>El Corte Inglés S.A.</razonSocial>
        <telefono>914 018 500</telefono>
    </empresa>
    <lineasFactura>
        <articulo>Gazpacho</articulo>
        <cantidad>2</cantidad>
        <iva>NORMAL</iva>
        <precio>2.57</precio>
    </lineasFactura>
    <lineasFactura>
        <articulo>Picatostes</articulo>
        <cantidad>2</cantidad>
        <iva>NORMAL</iva>
        <precio>0.75</precio>
    </lineasFactura>
    <numeroFactura>1</numeroFactura>
    <contadorLineas>2</contadorLineas>
</factura>
