<?xml version="1.0" encoding="UTF-8" standalone="no"?>
<facturas>
    <factura>
        <numero>1</numero>
        <fecha>2025-04-22T14:39:37.356195</fecha>
        <cliente>
            <nombre>Prueba</nombre>
            <nif>123</nif>
        </cliente>
        <lineas>
            <linea>
                <articulo>Patatas</articulo>
                <cantidad>30</cantidad>
                <precio>0.3</precio>
                <iva>SUPER_REDUCIDO</iva>
                <total>9.36</total>
            </linea>
        </lineas>
        <totalFactura>9.36</totalFactura>
    </factura>
</facturas>
