<?xml version="1.0" encoding="UTF-8" standalone="yes"?>
<facturas>
    <factura>
        <nombreCliente>Prueba</nombreCliente>
        <nifCliente>123</nifCliente>
        <fechaHora>2025-04-22T14:39:37.356195</fechaHora>
        <numeroFactura>1</numeroFactura>
        <lineas>
            <linea>
                <articulo>Patatas</articulo>
                <cantidad>30</cantidad>
                <precio>0.3</precio>
                <iva>SUPER_REDUCIDO</iva>
                <total>9.36</total>
            </linea>
        </lineas>
        <total>9.36</total>
    </factura>
</facturas>
