<?xml version="1.0" encoding="UTF-8"?>
<factura numeroFactura="1">
    <fechaEmision>2025-04-13T12:13:56.6191554</fechaEmision>
    <cliente>
        <nombre>Eduard Sebastian Gaici</nombre>
        <idCliente>12345678X</idCliente>
    </cliente>
    <lineas>
        <linea numeroLinea="1">
            <articulo>Pan</articulo>
            <cantidad>3</cantidad>
            <precio>0.80</precio>
            <iva>REDUCIDO</iva>
        </linea>
        <linea numeroLinea="2">
            <articulo>Gazpacho</articulo>
            <cantidad>2</cantidad>
            <precio>1.20</precio>
            <iva>NORMAL</iva>
        </linea>
    </lineas>
</factura>