<project xmlns="http://maven.apache.org/POM/4.0.0"
    xmlns:xsi="http://www.w3.org/2001/XMLSchema-instance"
    xsi:schemaLocation="http://maven.apache.org/POM/4.0.0 http://maven.apache.org/xsd/maven-4.0.0.xsd">

    <modelVersion>4.0.0</modelVersion>

    <groupId>es.medac.ega0021</groupId>
    <artifactId>factura</artifactId>
    <version>1.1</version>

    <dependencies>
        <!-- Dependencia de JSON.simple -->
        <dependency>
            <groupId>com.googlecode.json-simple</groupId>
            <artifactId>json-simple</artifactId>
            <version>1.1.1</version>
        </dependency>

        <!-- API de JAXB -->
        <dependency>
            <groupId>jakarta.xml.bind</groupId>
            <artifactId>jakarta.xml.bind-api</artifactId>
            <version>4.0.0</version>
        </dependency>

        <!-- Implementación de JAXB Runtime -->
        <dependency>
            <groupId>org.glassfish.jaxb</groupId>
            <artifactId>jaxb-runtime</artifactId>
            <version>4.0.3</version>
        </dependency>

        <!-- Core de JAXB -->
        <dependency>
            <groupId>org.glassfish.jaxb</groupId>
            <artifactId>jaxb-core</artifactId>
            <version>4.0.3</version>
        </dependency>

        <!-- Librería istack-commons-runtime -->
        <dependency>
            <groupId>com.sun.istack</groupId>
            <artifactId>istack-commons-runtime</artifactId>
            <version>4.1.1</version>
        </dependency>

        <!-- API de Activation -->
        <dependency>
            <groupId>jakarta.activation</groupId>
            <artifactId>jakarta.activation-api</artifactId>
            <version>2.1.2</version>
        </dependency>
    </dependencies>

</project>