[ {
  "empresa" : "sa",
  "direccionEmpresa" : "Inventada",
  "cifEmpresa" : "30412A",
  "telefonoEmpresa" : "41234512",
  "emailEmpresa" : "@ALO",
  "cliente" : {
    "nombre" : "MARCO",
    "nif" : "POLO"
  },
  "fechaHora" : "2025-04-29T16:10:32.2360324",
  "numeroFactura" : 1,
  "lineas" : [ {
    "cantidad" : 3,
    "totalLinea" : 5.445,
    "articulo" : {
      "nombre" : "AGUA",
      "precio" : 1.5,
      "iva" : "NORMAL"
    }
  }, {
    "cantidad" : 5,
    "totalLinea" : 20.8,
    "articulo" : {
      "nombre" : "PAN",
      "precio" : 4.0,
      "iva" : "SUPER_REDUCIDO"
    }
  } ],
  "totalFactura" : 26.245,
  "numero" : 1,
  "total" : 26.245
}, {
  "empresa" : "w",
  "direccionEmpresa" : "e",
  "cifEmpresa" : "qwe",
  "telefonoEmpresa" : "qwe",
  "emailEmpresa" : "q",
  "cliente" : {
    "nombre" : "qqq",
    "nif" : "11111"
  },
  "fechaHora" : "2025-04-30T16:17:37.8865718",
  "numeroFactura" : 2,
  "lineas" : [ {
    "cantidad" : 4,
    "totalLinea" : 249.60000000000002,
    "articulo" : {
      "nombre" : "panE",
      "precio" : 60.0,
      "iva" : "SUPER_REDUCIDO"
    }
  } ],
  "totalFactura" : 249.60000000000002,
  "numero" : 2,
  "total" : 249.60000000000002
}, {
  "empresa" : "AAAA",
  "direccionEmpresa" : "DDDD",
  "cifEmpresa" : "DADAS",
  "telefonoEmpresa" : "D",
  "emailEmpresa" : "2",
  "cliente" : {
    "nombre" : "PACO",
    "nif" : "EEEE"
  },
  "fechaHora" : "2025-04-30T16:35:42.0820939",
  "numeroFactura" : 3,
  "lineas" : [ {
    "cantidad" : 4,
    "totalLinea" : 88.0,
    "articulo" : {
      "nombre" : "PATATATA",
      "precio" : 20.0,
      "iva" : "REDUCIDO"
    }
  } ],
  "totalFactura" : 88.0,
  "numero" : 3,
  "total" : 88.0
} ]