<?xml version="1.0" encoding="UTF-8" standalone="yes"?>
<facturas>
    <factura>
        <serialVersionUID>1</serialVersionUID>
        <empresa>sa</empresa>
        <direccionEmpresa>Inventada</direccionEmpresa>
        <cifEmpresa>30412A</cifEmpresa>
        <telefonoEmpresa>41234512</telefonoEmpresa>
        <emailEmpresa>@ALO</emailEmpresa>
        <cliente>
            <nombre>MARCO</nombre>
            <nif>POLO</nif>
        </cliente>
        <fechaHora>2025-04-29T16:10:32.2360324</fechaHora>
        <numeroFactura>1</numeroFactura>
        <lineas>
            <linea>
                <articulo>
                    <nombre>AGUA</nombre>
                    <precio>1.5</precio>
                    <iva>NORMAL</iva>
                </articulo>
                <cantidad>3</cantidad>
                <totalLinea>5.445</totalLinea>
            </linea>
            <linea>
                <articulo>
                    <nombre>PAN</nombre>
                    <precio>4.0</precio>
                    <iva>SUPER_REDUCIDO</iva>
                </articulo>
                <cantidad>5</cantidad>
                <totalLinea>20.8</totalLinea>
            </linea>
        </lineas>
        <totalFactura>26.245</totalFactura>
    </factura>
    <factura>
        <serialVersionUID>1</serialVersionUID>
        <empresa>w</empresa>
        <direccionEmpresa>e</direccionEmpresa>
        <cifEmpresa>qwe</cifEmpresa>
        <telefonoEmpresa>qwe</telefonoEmpresa>
        <emailEmpresa>q</emailEmpresa>
        <cliente>
            <nombre>qqq</nombre>
            <nif>11111</nif>
        </cliente>
        <fechaHora>2025-04-30T16:17:37.8865718</fechaHora>
        <numeroFactura>2</numeroFactura>
        <lineas>
            <linea>
                <articulo>
                    <nombre>panE</nombre>
                    <precio>60.0</precio>
                    <iva>SUPER_REDUCIDO</iva>
                </articulo>
                <cantidad>4</cantidad>
                <totalLinea>249.60000000000002</totalLinea>
            </linea>
        </lineas>
        <totalFactura>249.60000000000002</totalFactura>
    </factura>
    <factura>
        <serialVersionUID>1</serialVersionUID>
        <empresa>AAAA</empresa>
        <direccionEmpresa>DDDD</direccionEmpresa>
        <cifEmpresa>DADAS</cifEmpresa>
        <telefonoEmpresa>D</telefonoEmpresa>
        <emailEmpresa>2</emailEmpresa>
        <cliente>
            <nombre>PACO</nombre>
            <nif>EEEE</nif>
        </cliente>
        <fechaHora>2025-04-30T16:35:42.0820939</fechaHora>
        <numeroFactura>3</numeroFactura>
        <lineas>
            <linea>
                <articulo>
                    <nombre>PATATATA</nombre>
                    <precio>20.0</precio>
                    <iva>REDUCIDO</iva>
                </articulo>
                <cantidad>4</cantidad>
                <totalLinea>88.0</totalLinea>
            </linea>
        </lineas>
        <totalFactura>88.0</totalFactura>
    </factura>
</facturas>
